Changes made at Sat Aug  9 05:58:18 UTC 2025
Changes made at Thu Nov 20 13:42:43 UTC 2025
Changes made at Thu Nov 20 14:09:05 UTC 2025
Changes made at Thu Nov 20 16:11:34 UTC 2025
Changes made at Fri Nov 21 08:13:51 UTC 2025
Changes made at Fri Nov 21 10:10:07 UTC 2025
Changes made at Fri Nov 21 14:09:25 UTC 2025
Changes made at Fri Nov 21 16:11:06 UTC 2025
Changes made at Sat Nov 22 08:11:43 UTC 2025
Changes made at Sat Nov 22 10:08:37 UTC 2025
Changes made at Sat Nov 22 14:07:18 UTC 2025
Changes made at Sat Nov 22 16:09:52 UTC 2025
Changes made at Sun Nov 23 08:11:51 UTC 2025
Changes made at Sun Nov 23 10:08:50 UTC 2025
Changes made at Sun Nov 23 14:07:13 UTC 2025
Changes made at Sun Nov 23 16:09:43 UTC 2025
Changes made at Mon Nov 24 08:14:35 UTC 2025
Changes made at Mon Nov 24 10:11:26 UTC 2025
Changes made at Mon Nov 24 14:10:17 UTC 2025
Changes made at Mon Nov 24 16:10:13 UTC 2025
Changes made at Tue Nov 25 08:14:07 UTC 2025
Changes made at Tue Nov 25 10:11:22 UTC 2025
Changes made at Tue Nov 25 14:09:42 UTC 2025
Changes made at Tue Nov 25 16:12:32 UTC 2025
Changes made at Wed Nov 26 08:13:40 UTC 2025
Changes made at Wed Nov 26 10:11:02 UTC 2025
Changes made at Wed Nov 26 14:10:01 UTC 2025
Changes made at Wed Nov 26 16:11:21 UTC 2025
Changes made at Thu Nov 27 08:14:33 UTC 2025
Changes made at Thu Nov 27 10:10:28 UTC 2025
Changes made at Thu Nov 27 14:09:36 UTC 2025
Changes made at Thu Nov 27 16:11:28 UTC 2025
Changes made at Fri Nov 28 08:13:58 UTC 2025
Changes made at Fri Nov 28 10:10:27 UTC 2025
Changes made at Fri Nov 28 14:09:14 UTC 2025
Changes made at Fri Nov 28 16:10:53 UTC 2025
Changes made at Sat Nov 29 08:12:14 UTC 2025
Changes made at Sat Nov 29 10:09:05 UTC 2025
Changes made at Sat Nov 29 14:07:38 UTC 2025
Changes made at Sat Nov 29 16:10:17 UTC 2025
Changes made at Sun Nov 30 08:11:27 UTC 2025
Changes made at Sun Nov 30 10:08:52 UTC 2025
Changes made at Sun Nov 30 14:08:03 UTC 2025
Changes made at Sun Nov 30 16:10:00 UTC 2025
Changes made at Mon Dec  1 08:15:44 UTC 2025
Changes made at Mon Dec  1 10:12:09 UTC 2025
Changes made at Mon Dec  1 14:11:07 UTC 2025
Changes made at Mon Dec  1 16:13:36 UTC 2025
Changes made at Tue Dec  2 08:14:41 UTC 2025
Changes made at Tue Dec  2 10:11:12 UTC 2025
Changes made at Tue Dec  2 14:11:07 UTC 2025
Changes made at Tue Dec  2 16:13:16 UTC 2025
Changes made at Wed Dec  3 08:14:10 UTC 2025
Changes made at Wed Dec  3 10:11:17 UTC 2025
Changes made at Wed Dec  3 14:10:34 UTC 2025
Changes made at Wed Dec  3 16:13:59 UTC 2025
Changes made at Thu Dec  4 08:14:45 UTC 2025
Changes made at Thu Dec  4 10:11:20 UTC 2025
Changes made at Thu Dec  4 14:10:51 UTC 2025
Changes made at Thu Dec  4 16:13:29 UTC 2025
Changes made at Fri Dec  5 08:13:46 UTC 2025
Changes made at Fri Dec  5 10:10:39 UTC 2025
Changes made at Fri Dec  5 14:10:10 UTC 2025
Changes made at Fri Dec  5 16:12:04 UTC 2025
Changes made at Sat Dec  6 08:11:54 UTC 2025
Changes made at Sat Dec  6 10:08:49 UTC 2025
Changes made at Sat Dec  6 14:07:30 UTC 2025
Changes made at Sat Dec  6 16:10:01 UTC 2025
Changes made at Sun Dec  7 08:11:37 UTC 2025
Changes made at Sun Dec  7 10:08:29 UTC 2025
Changes made at Sun Dec  7 14:07:47 UTC 2025
Changes made at Sun Dec  7 16:09:34 UTC 2025
Changes made at Mon Dec  8 08:16:06 UTC 2025
Changes made at Mon Dec  8 10:11:50 UTC 2025
Changes made at Mon Dec  8 14:10:35 UTC 2025
Changes made at Mon Dec  8 16:12:36 UTC 2025
Changes made at Tue Dec  9 08:14:41 UTC 2025
Changes made at Tue Dec  9 10:11:58 UTC 2025
Changes made at Tue Dec  9 14:11:25 UTC 2025
Changes made at Tue Dec  9 16:13:03 UTC 2025
Changes made at Wed Dec 10 08:14:16 UTC 2025
Changes made at Wed Dec 10 10:11:28 UTC 2025
Changes made at Wed Dec 10 14:12:32 UTC 2025
Changes made at Wed Dec 10 16:14:27 UTC 2025
Changes made at Thu Dec 11 08:15:23 UTC 2025
Changes made at Thu Dec 11 10:11:26 UTC 2025
Changes made at Thu Dec 11 14:13:13 UTC 2025
Changes made at Thu Dec 11 16:14:32 UTC 2025
Changes made at Fri Dec 12 08:14:39 UTC 2025
Changes made at Fri Dec 12 10:11:01 UTC 2025
Changes made at Fri Dec 12 14:11:07 UTC 2025
Changes made at Fri Dec 12 16:10:48 UTC 2025
Changes made at Sat Dec 13 08:11:58 UTC 2025
Changes made at Sat Dec 13 10:08:48 UTC 2025
Changes made at Sat Dec 13 14:08:29 UTC 2025
Changes made at Sat Dec 13 16:10:28 UTC 2025
Changes made at Sun Dec 14 08:12:10 UTC 2025
Changes made at Sun Dec 14 10:09:32 UTC 2025
Changes made at Sun Dec 14 14:08:19 UTC 2025
Changes made at Sun Dec 14 16:10:14 UTC 2025
Changes made at Mon Dec 15 08:16:29 UTC 2025
Changes made at Mon Dec 15 10:13:46 UTC 2025
Changes made at Mon Dec 15 14:13:53 UTC 2025
Changes made at Mon Dec 15 16:14:44 UTC 2025
Changes made at Tue Dec 16 08:15:17 UTC 2025
Changes made at Tue Dec 16 10:11:55 UTC 2025
Changes made at Tue Dec 16 14:13:31 UTC 2025
Changes made at Tue Dec 16 16:13:17 UTC 2025
Changes made at Wed Dec 17 08:15:07 UTC 2025
Changes made at Wed Dec 17 10:11:18 UTC 2025
Changes made at Wed Dec 17 14:11:08 UTC 2025
Changes made at Wed Dec 17 16:13:39 UTC 2025
Changes made at Thu Dec 18 08:14:17 UTC 2025
Changes made at Thu Dec 18 10:11:00 UTC 2025
Changes made at Thu Dec 18 14:12:43 UTC 2025
Changes made at Thu Dec 18 16:13:57 UTC 2025
Changes made at Fri Dec 19 08:14:47 UTC 2025
Changes made at Fri Dec 19 10:10:38 UTC 2025
Changes made at Fri Dec 19 14:10:49 UTC 2025
Changes made at Fri Dec 19 16:11:55 UTC 2025
Changes made at Sat Dec 20 08:12:18 UTC 2025
Changes made at Sat Dec 20 10:09:03 UTC 2025
Changes made at Sat Dec 20 14:08:25 UTC 2025
Changes made at Sat Dec 20 16:10:26 UTC 2025
Changes made at Sun Dec 21 08:12:12 UTC 2025
Changes made at Sun Dec 21 10:09:10 UTC 2025
Changes made at Sun Dec 21 14:08:26 UTC 2025
Changes made at Sun Dec 21 16:10:05 UTC 2025
Changes made at Mon Dec 22 08:15:52 UTC 2025
Changes made at Mon Dec 22 10:11:28 UTC 2025
Changes made at Mon Dec 22 14:10:53 UTC 2025
Changes made at Mon Dec 22 16:12:07 UTC 2025
Changes made at Tue Dec 23 08:14:54 UTC 2025
Changes made at Tue Dec 23 10:11:11 UTC 2025
Changes made at Tue Dec 23 14:10:24 UTC 2025
Changes made at Tue Dec 23 16:12:41 UTC 2025
Changes made at Wed Dec 24 08:15:00 UTC 2025
Changes made at Wed Dec 24 10:10:35 UTC 2025
Changes made at Wed Dec 24 14:09:02 UTC 2025
Changes made at Wed Dec 24 16:12:14 UTC 2025
Changes made at Thu Dec 25 08:14:32 UTC 2025
Changes made at Thu Dec 25 10:10:26 UTC 2025
Changes made at Thu Dec 25 14:09:22 UTC 2025
Changes made at Thu Dec 25 16:12:02 UTC 2025
Changes made at Fri Dec 26 08:14:11 UTC 2025
Changes made at Fri Dec 26 10:10:22 UTC 2025
Changes made at Fri Dec 26 14:10:12 UTC 2025
Changes made at Fri Dec 26 16:11:13 UTC 2025
Changes made at Sat Dec 27 08:12:18 UTC 2025
Changes made at Sat Dec 27 10:09:04 UTC 2025
Changes made at Sat Dec 27 14:08:39 UTC 2025
Changes made at Sat Dec 27 16:10:35 UTC 2025
Changes made at Sun Dec 28 08:13:07 UTC 2025
Changes made at Sun Dec 28 10:09:14 UTC 2025
Changes made at Sun Dec 28 14:08:58 UTC 2025
Changes made at Sun Dec 28 16:10:37 UTC 2025
Changes made at Mon Dec 29 08:16:06 UTC 2025
Changes made at Mon Dec 29 10:12:16 UTC 2025
Changes made at Mon Dec 29 14:11:30 UTC 2025
Changes made at Mon Dec 29 16:11:44 UTC 2025
Changes made at Tue Dec 30 08:14:53 UTC 2025
Changes made at Tue Dec 30 10:11:03 UTC 2025
Changes made at Tue Dec 30 14:11:03 UTC 2025
Changes made at Tue Dec 30 16:12:35 UTC 2025
Changes made at Wed Dec 31 08:14:59 UTC 2025
Changes made at Wed Dec 31 10:10:22 UTC 2025
Changes made at Wed Dec 31 14:10:19 UTC 2025
Changes made at Wed Dec 31 16:12:17 UTC 2025
Changes made at Thu Jan  1 08:14:45 UTC 2026
Changes made at Thu Jan  1 10:10:47 UTC 2026
Changes made at Thu Jan  1 14:09:21 UTC 2026
Changes made at Thu Jan  1 16:12:23 UTC 2026
Changes made at Fri Jan  2 08:14:52 UTC 2026
Changes made at Fri Jan  2 10:10:26 UTC 2026
Changes made at Fri Jan  2 14:10:21 UTC 2026
Changes made at Fri Jan  2 16:11:33 UTC 2026
Changes made at Sat Jan  3 08:13:15 UTC 2026
Changes made at Sat Jan  3 10:09:11 UTC 2026
Changes made at Sat Jan  3 14:08:46 UTC 2026
Changes made at Sat Jan  3 16:10:42 UTC 2026
Changes made at Sun Jan  4 08:13:46 UTC 2026
Changes made at Sun Jan  4 10:09:05 UTC 2026
Changes made at Sun Jan  4 14:08:43 UTC 2026
Changes made at Sun Jan  4 16:10:40 UTC 2026
Changes made at Mon Jan  5 08:17:04 UTC 2026
Changes made at Mon Jan  5 10:13:14 UTC 2026
Changes made at Mon Jan  5 14:13:28 UTC 2026
Changes made at Mon Jan  5 16:13:38 UTC 2026
Changes made at Tue Jan  6 08:15:31 UTC 2026
Changes made at Tue Jan  6 10:11:27 UTC 2026
Changes made at Tue Jan  6 14:12:00 UTC 2026
Changes made at Tue Jan  6 16:13:32 UTC 2026
Changes made at Wed Jan  7 08:15:12 UTC 2026
Changes made at Wed Jan  7 10:12:35 UTC 2026
Changes made at Wed Jan  7 14:13:11 UTC 2026
Changes made at Wed Jan  7 16:15:03 UTC 2026
Changes made at Thu Jan  8 08:15:05 UTC 2026
Changes made at Thu Jan  8 10:12:33 UTC 2026
Changes made at Thu Jan  8 14:14:12 UTC 2026
Changes made at Thu Jan  8 16:14:35 UTC 2026
Changes made at Fri Jan  9 08:15:11 UTC 2026
Changes made at Fri Jan  9 10:11:24 UTC 2026
Changes made at Fri Jan  9 14:12:34 UTC 2026
Changes made at Fri Jan  9 16:12:36 UTC 2026
Changes made at Sat Jan 10 08:12:45 UTC 2026
Changes made at Sat Jan 10 10:09:23 UTC 2026
Changes made at Sat Jan 10 14:08:53 UTC 2026
Changes made at Sat Jan 10 16:10:33 UTC 2026
Changes made at Sun Jan 11 08:12:53 UTC 2026
Changes made at Sun Jan 11 10:09:53 UTC 2026
Changes made at Sun Jan 11 14:08:34 UTC 2026
Changes made at Sun Jan 11 16:10:47 UTC 2026
Changes made at Mon Jan 12 08:16:35 UTC 2026
Changes made at Mon Jan 12 10:13:51 UTC 2026
Changes made at Mon Jan 12 14:14:33 UTC 2026
Changes made at Mon Jan 12 16:14:33 UTC 2026
Changes made at Tue Jan 13 08:15:16 UTC 2026
Changes made at Tue Jan 13 10:11:33 UTC 2026
Changes made at Tue Jan 13 14:14:13 UTC 2026
Changes made at Tue Jan 13 16:16:52 UTC 2026
Changes made at Wed Jan 14 08:14:56 UTC 2026
Changes made at Wed Jan 14 10:12:46 UTC 2026
Changes made at Wed Jan 14 14:14:29 UTC 2026
Changes made at Wed Jan 14 16:14:55 UTC 2026
Changes made at Thu Jan 15 08:15:15 UTC 2026
Changes made at Thu Jan 15 10:11:50 UTC 2026
Changes made at Thu Jan 15 14:13:56 UTC 2026
Changes made at Thu Jan 15 16:19:36 UTC 2026
Changes made at Fri Jan 16 08:14:54 UTC 2026
Changes made at Fri Jan 16 10:11:20 UTC 2026
Changes made at Fri Jan 16 14:12:58 UTC 2026
Changes made at Fri Jan 16 16:13:50 UTC 2026
Changes made at Sat Jan 17 08:12:34 UTC 2026
Changes made at Sat Jan 17 10:09:55 UTC 2026
Changes made at Sat Jan 17 14:08:33 UTC 2026
Changes made at Sat Jan 17 16:09:53 UTC 2026
Changes made at Sun Jan 18 08:12:58 UTC 2026
Changes made at Sun Jan 18 10:10:01 UTC 2026
Changes made at Sun Jan 18 14:08:23 UTC 2026
Changes made at Sun Jan 18 16:10:45 UTC 2026
Changes made at Mon Jan 19 08:17:38 UTC 2026
Changes made at Mon Jan 19 10:16:11 UTC 2026
Changes made at Mon Jan 19 14:16:40 UTC 2026
Changes made at Mon Jan 19 16:14:03 UTC 2026
Changes made at Tue Jan 20 08:16:11 UTC 2026
Changes made at Tue Jan 20 10:15:09 UTC 2026
Changes made at Tue Jan 20 14:19:20 UTC 2026
Changes made at Tue Jan 20 16:19:21 UTC 2026
Changes made at Wed Jan 21 08:16:02 UTC 2026
Changes made at Wed Jan 21 10:14:42 UTC 2026
Changes made at Wed Jan 21 14:18:46 UTC 2026
Changes made at Wed Jan 21 16:21:28 UTC 2026
Changes made at Thu Jan 22 08:15:32 UTC 2026
Changes made at Thu Jan 22 10:15:15 UTC 2026
Changes made at Thu Jan 22 14:21:28 UTC 2026
Changes made at Thu Jan 22 16:18:40 UTC 2026
Changes made at Fri Jan 23 08:14:51 UTC 2026
Changes made at Fri Jan 23 10:13:00 UTC 2026
Changes made at Fri Jan 23 14:14:23 UTC 2026
Changes made at Fri Jan 23 16:14:49 UTC 2026
Changes made at Sat Jan 24 08:12:52 UTC 2026
Changes made at Sat Jan 24 10:09:51 UTC 2026
Changes made at Sat Jan 24 14:08:55 UTC 2026
Changes made at Sat Jan 24 16:10:40 UTC 2026
Changes made at Sun Jan 25 08:13:21 UTC 2026
Changes made at Sun Jan 25 10:10:03 UTC 2026
Changes made at Sun Jan 25 14:08:58 UTC 2026
Changes made at Sun Jan 25 16:11:31 UTC 2026
Changes made at Mon Jan 26 08:16:33 UTC 2026
Changes made at Mon Jan 26 10:14:49 UTC 2026
Changes made at Mon Jan 26 14:17:48 UTC 2026
Changes made at Mon Jan 26 16:18:02 UTC 2026
Changes made at Tue Jan 27 08:16:36 UTC 2026
Changes made at Tue Jan 27 10:14:47 UTC 2026
Changes made at Tue Jan 27 14:19:45 UTC 2026
Changes made at Tue Jan 27 16:15:38 UTC 2026
Changes made at Wed Jan 28 08:16:09 UTC 2026
Changes made at Wed Jan 28 10:16:04 UTC 2026
Changes made at Wed Jan 28 14:19:35 UTC 2026
Changes made at Wed Jan 28 16:21:08 UTC 2026
Changes made at Thu Jan 29 08:24:12 UTC 2026
Changes made at Thu Jan 29 10:24:05 UTC 2026
Changes made at Thu Jan 29 14:29:49 UTC 2026
Changes made at Thu Jan 29 16:27:13 UTC 2026
Changes made at Fri Jan 30 08:23:21 UTC 2026
Changes made at Fri Jan 30 10:21:00 UTC 2026
Changes made at Fri Jan 30 14:24:53 UTC 2026
Changes made at Fri Jan 30 16:23:39 UTC 2026
Changes made at Sat Jan 31 08:14:29 UTC 2026
Changes made at Sat Jan 31 10:11:36 UTC 2026
Changes made at Sat Jan 31 14:12:47 UTC 2026
Changes made at Sat Jan 31 16:13:00 UTC 2026
Changes made at Sun Feb  1 08:17:58 UTC 2026
Changes made at Sun Feb  1 10:12:41 UTC 2026
Changes made at Sun Feb  1 14:14:52 UTC 2026
Changes made at Sun Feb  1 16:14:04 UTC 2026
Changes made at Mon Feb  2 08:28:03 UTC 2026
Changes made at Mon Feb  2 10:32:19 UTC 2026
Changes made at Mon Feb  2 14:32:27 UTC 2026
Changes made at Mon Feb  2 16:22:30 UTC 2026
Changes made at Tue Feb  3 08:23:16 UTC 2026
Changes made at Tue Feb  3 10:27:31 UTC 2026
Changes made at Tue Feb  3 14:35:45 UTC 2026
Changes made at Tue Feb  3 16:37:24 UTC 2026
Changes made at Wed Feb  4 08:25:35 UTC 2026
Changes made at Wed Feb  4 10:27:13 UTC 2026
Changes made at Wed Feb  4 14:34:00 UTC 2026
Changes made at Wed Feb  4 16:31:12 UTC 2026
Changes made at Thu Feb  5 08:28:19 UTC 2026
Changes made at Thu Feb  5 10:29:06 UTC 2026
Changes made at Thu Feb  5 14:35:53 UTC 2026
Changes made at Thu Feb  5 16:31:28 UTC 2026
Changes made at Fri Feb  6 08:26:54 UTC 2026
Changes made at Fri Feb  6 10:27:20 UTC 2026
Changes made at Fri Feb  6 14:32:21 UTC 2026
Changes made at Fri Feb  6 16:29:14 UTC 2026
Changes made at Sat Feb  7 08:16:35 UTC 2026
Changes made at Sat Feb  7 10:12:39 UTC 2026
Changes made at Sat Feb  7 14:14:45 UTC 2026
Changes made at Sat Feb  7 16:14:29 UTC 2026
Changes made at Sun Feb  8 08:18:21 UTC 2026
Changes made at Sun Feb  8 10:13:58 UTC 2026
Changes made at Sun Feb  8 14:16:47 UTC 2026
Changes made at Sun Feb  8 16:15:16 UTC 2026
Changes made at Mon Feb  9 08:35:07 UTC 2026
Changes made at Mon Feb  9 10:44:10 UTC 2026
Changes made at Mon Feb  9 14:43:42 UTC 2026
Changes made at Tue Feb 10 08:36:19 UTC 2026
Changes made at Tue Feb 10 10:41:28 UTC 2026
Changes made at Tue Feb 10 14:49:44 UTC 2026
Changes made at Tue Feb 10 16:50:24 UTC 2026
Changes made at Wed Feb 11 08:33:31 UTC 2026
Changes made at Wed Feb 11 10:36:51 UTC 2026
Changes made at Wed Feb 11 14:44:32 UTC 2026
Changes made at Wed Feb 11 16:50:00 UTC 2026
Changes made at Thu Feb 12 08:30:27 UTC 2026
Changes made at Thu Feb 12 10:32:04 UTC 2026
Changes made at Thu Feb 12 14:40:03 UTC 2026
Changes made at Thu Feb 12 16:42:55 UTC 2026
Changes made at Fri Feb 13 08:29:07 UTC 2026
Changes made at Fri Feb 13 10:27:38 UTC 2026
Changes made at Fri Feb 13 14:32:46 UTC 2026
Changes made at Fri Feb 13 16:29:54 UTC 2026
Changes made at Sat Feb 14 08:16:58 UTC 2026
Changes made at Sat Feb 14 10:13:29 UTC 2026
Changes made at Sat Feb 14 14:15:30 UTC 2026
Changes made at Sat Feb 14 16:14:20 UTC 2026
Changes made at Sun Feb 15 08:18:15 UTC 2026
Changes made at Sun Feb 15 10:13:56 UTC 2026
Changes made at Sun Feb 15 14:16:17 UTC 2026
Changes made at Sun Feb 15 16:14:10 UTC 2026
Changes made at Mon Feb 16 08:31:58 UTC 2026
Changes made at Mon Feb 16 10:36:50 UTC 2026
Changes made at Mon Feb 16 14:34:23 UTC 2026
Changes made at Mon Feb 16 16:28:17 UTC 2026
Changes made at Tue Feb 17 08:30:06 UTC 2026
Changes made at Tue Feb 17 10:33:19 UTC 2026
Changes made at Tue Feb 17 14:37:38 UTC 2026
Changes made at Tue Feb 17 16:41:43 UTC 2026
Changes made at Wed Feb 18 08:30:54 UTC 2026
Changes made at Wed Feb 18 10:31:08 UTC 2026
Changes made at Wed Feb 18 14:37:26 UTC 2026
Changes made at Wed Feb 18 16:46:58 UTC 2026
Changes made at Thu Feb 19 08:29:11 UTC 2026
Changes made at Thu Feb 19 10:30:45 UTC 2026
Changes made at Thu Feb 19 14:39:21 UTC 2026
Changes made at Thu Feb 19 16:37:15 UTC 2026
Changes made at Fri Feb 20 08:27:07 UTC 2026
Changes made at Fri Feb 20 10:24:39 UTC 2026
Changes made at Fri Feb 20 14:30:56 UTC 2026
Changes made at Fri Feb 20 16:23:17 UTC 2026
Changes made at Sat Feb 21 08:15:49 UTC 2026
Changes made at Sat Feb 21 10:12:48 UTC 2026
Changes made at Sat Feb 21 14:14:59 UTC 2026
Changes made at Sat Feb 21 16:14:04 UTC 2026
Changes made at Sun Feb 22 08:17:03 UTC 2026
Changes made at Sun Feb 22 10:12:54 UTC 2026
Changes made at Sun Feb 22 14:14:53 UTC 2026
Changes made at Sun Feb 22 16:14:23 UTC 2026
Changes made at Mon Feb 23 08:33:40 UTC 2026
Changes made at Mon Feb 23 10:37:22 UTC 2026
Changes made at Mon Feb 23 14:38:43 UTC 2026
Changes made at Mon Feb 23 16:39:57 UTC 2026
Changes made at Tue Feb 24 08:31:46 UTC 2026
Changes made at Tue Feb 24 10:35:21 UTC 2026
Changes made at Tue Feb 24 14:42:22 UTC 2026
Changes made at Tue Feb 24 16:51:47 UTC 2026
Changes made at Wed Feb 25 08:33:28 UTC 2026
Changes made at Wed Feb 25 10:37:40 UTC 2026
Changes made at Wed Feb 25 14:41:09 UTC 2026
Changes made at Wed Feb 25 16:55:00 UTC 2026
Changes made at Thu Feb 26 08:31:26 UTC 2026
Changes made at Thu Feb 26 10:33:08 UTC 2026
Changes made at Thu Feb 26 14:39:21 UTC 2026
Changes made at Thu Feb 26 16:42:29 UTC 2026
Changes made at Fri Feb 27 08:27:13 UTC 2026
Changes made at Fri Feb 27 10:25:23 UTC 2026
Changes made at Fri Feb 27 14:30:01 UTC 2026
Changes made at Fri Feb 27 16:25:47 UTC 2026
Changes made at Sat Feb 28 08:14:26 UTC 2026
Changes made at Sat Feb 28 10:11:33 UTC 2026
Changes made at Sat Feb 28 14:11:05 UTC 2026
Changes made at Sat Feb 28 16:12:40 UTC 2026
Changes made at Sun Mar  1 08:16:08 UTC 2026
Changes made at Sun Mar  1 10:12:59 UTC 2026
Changes made at Sun Mar  1 14:13:11 UTC 2026
